ebook_id,title
1,RAINBOW-1
9,AVIRAL-1
17,COMPUTER-1
25,GENERAL KNOWLEDGE-1
27,TALK TO ME-1
32,COLOUR ME-1
40,INTEGRATED SCIENCE-1
48,SCH. GRAMMAR-1
78,VYAKARAN-1
110,EVS-1
115,COMPUTER INTERFACE-1
123,PALAASH-1
131,ENGLISH SCARLET-1
139,CHIT CHAT-1
144,GREEN WORLD-1
165,BRAIN UP-1
175,DROPBOX-1
183,GK BYTES-1
191,GREEN HOME-1
196,Art in Heart-1
204,New Mathematics-1
209,Science FICTION-1
217,VYAKARAN MADHUBAN-1
254,ENGLISH READER-1
262,ENGLISH GRAMMAR-1
270,NAVTRANG-1
281,SOCIAL CIRCLE-1
289,CURSIVE WRITING-1
297,PIXEL COMPUTER-1
305,SKETCHO-1
313,INSIDE-1
321,CURSIVE WRITING-1
326,LOOK AROUND-1
331,GRAMMAR SPIKE-1
339,ADHUNIK-1
347,MERI SULEKH-1
352,LETS TALK-1
357,CALCULUS-1
365,SCIENCE SQU-1
387,COMMUNITY-1
395,GYANVI-1
